{
"main.train": {
"sounds": [
{
    "name": "train"
}
],
"category": "player"
},
"main.train_start": {
"sounds": [
{
    "name": "train_start"
}
],
"category": "player"
},
"main.train_cant": {
"sounds": [
{
    "name": "train_cant"
}
],
"category": "player"
},
"main.rapture": {
"sounds": [
{
    "name": "rapture"
}
],
"category": "player"
},
"main.beam_start": {
"sounds": [
{
    "name": "beam_start"
}
],
"category": "player"
},
"main.beam_stop": {
"sounds": [
{
    "name": "beam_stop"
}
],
"category": "player"
},
"main.beam_ambient": {
"sounds": [
{
    "name": "beam_ambient"
}
],
"category": "player"
},
"main.homelander_beam": {
"sounds": [
{
    "name": "homelander_beam"
}
],
"category": "player"
}
}