{
  "main.train": {
    "sounds": [
      { "name": "train" }
    ],
    "category": "player"
  },
  "main.train_start": {
    "sounds": [
      { "name": "train_start" }
    ],
    "category": "player"
  },
  "main.train_cant": {
    "sounds": [
      { "name": "train_cant" }
    ],
    "category": "player"
  },
  "main.rapture": {
    "sounds": [
      { "name": "rapture" }
    ],
    "category": "player"
  },
  "main.beam_start": {
    "sounds": [
      { "name": "beam_start" }
    ],
    "category": "player"
  },
  "main.beam_stop": {
    "sounds": [
      { "name": "beam_stop" }
    ],
    "category": "player"
  },
  "main.beam_ambient": {
    "sounds": [
      { "name": "beam_ambient" }
    ],
    "category": "player"
  },
  "main.homander_shoot": {
    "sounds": [
      { "name": "homander_shoot" }
    ],
    "category": "player"
  },
  "main.homander_loop": {
    "sounds": [
      { "name": "homander_loop" }
    ],
    "category": "player"
  },
  "main.homander_stop": {
    "sounds": [
      { "name": "homander_stop" }
    ],
    "category": "player"
  },
  "main.homander_butter": {
    "sounds": [
      { "name": "homander_butter" }
    ],
    "category": "player"
  },
  "main.homander_landing": {
    "sounds": [
      { "name": "homander_butter" }
    ],
    "category": "player"
  }
}
